"Feature","Coefficient","Block","Component"
"PUFA.FA",0.23008378687307,"Metabolomics",1
"FAW6.FA",0.217472723686939,"Metabolomics",1
"VLDL.D",-0.216316696250229,"Metabolomics",1
"L.VLDL.TG",-0.205140458596684,"Metabolomics",1
"VLDL.TG",-0.204987372343282,"Metabolomics",1
"L.VLDL.P",-0.201686690440614,"Metabolomics",1
"L.VLDL.L",-0.200858445922006,"Metabolomics",1
"S.HDL.TG",-0.200481363792776,"Metabolomics",1
"L.VLDL.FC",-0.200406336220042,"Metabolomics",1
"L.VLDL.PL",-0.200368514495093,"Metabolomics",1
"M.VLDL.TG",-0.197524652715357,"Metabolomics",1
"SERUM.TG",-0.191428702949165,"Metabolomics",1
"MUFA.FA",-0.190584388674308,"Metabolomics",1
"S.VLDL.TG",-0.18885152159574,"Metabolomics",1
"M.VLDL.FC",-0.185341491464271,"Metabolomics",1
"L.VLDL.C",-0.176115887977885,"Metabolomics",1
"M.VLDL.P",-0.175106822209917,"Metabolomics",1
"XL.VLDL.TG",-0.171391553795346,"Metabolomics",1
"M.VLDL.L",-0.169395753742744,"Metabolomics",1
"TG.PG",-0.165560596936881,"Metabolomics",1
"M.VLDL.PL",-0.165291275097766,"Metabolomics",1
"XL.VLDL.P",-0.161389437149364,"Metabolomics",1
"XL.VLDL.L",-0.157449025236265,"Metabolomics",1
"L.LDL.FC_.",0.152027453373916,"Metabolomics",1
"XXL.VLDL.FC",-0.135196270505284,"Metabolomics",1
"XL.VLDL.PL",-0.134742614927198,"Metabolomics",1
"IDL.FC_.",0.129012119499644,"Metabolomics",1
"L.VLDL.CE",-0.121265758742674,"Metabolomics",1
"XL.VLDL.C",-0.106457549068575,"Metabolomics",1
"XL.VLDL.FC",-0.103923294752069,"Metabolomics",1
"XS.VLDL.TG_.",-0.101375877401339,"Metabolomics",1
"XL.VLDL.CE",-0.0934186356976695,"Metabolomics",1
"XXL.VLDL.PL",-0.089836384122949,"Metabolomics",1
"XS.VLDL.TG",-0.0814497997208101,"Metabolomics",1
"S.VLDL.P",-0.059873050577441,"Metabolomics",1
"XXL.VLDL.L",-0.0475454098506151,"Metabolomics",1
"XXL.VLDL.P",-0.0429159808246731,"Metabolomics",1
"M.VLDL.C",-0.0400301693438211,"Metabolomics",1
"XXL.VLDL.C",-0.0350210499677379,"Metabolomics",1
"XXL.VLDL.TG",-0.0348580672538147,"Metabolomics",1
"S.VLDL.PL",-0.032238006825395,"Metabolomics",1
"S.VLDL.L",-0.0178035402271987,"Metabolomics",1
"M.VLDL.FC_.",-0.0128396775011018,"Metabolomics",1
"XS.VLDL.C_.",0.00634094384185978,"Metabolomics",1
"DG_16_0_18_1_",-0.124367890920167,"Lipidomics",1
"DG_18_1_18_1_",-0.12408961928472,"Lipidomics",1
"DG_18_0_18_1_",-0.121653158637648,"Lipidomics",1
"DG_16_1_18_1_",-0.116421465046105,"Lipidomics",1
"DG_16_0_16_0_",-0.114387790931517,"Lipidomics",1
"TG_53_2_NL_17_0_",-0.112411564174065,"Lipidomics",1
"DG_18_0_18_2_",-0.110424098565717,"Lipidomics",1
"DG_18_1_18_3_",-0.109854444376836,"Lipidomics",1
"TG_52_2_NL_16_0_",-0.1094159339985,"Lipidomics",1
"CE_16_2_",0.109124020319513,"Lipidomics",1
"DG_16_0_16_1_",-0.107318015376499,"Lipidomics",1
"DG_16_0_18_2_",-0.107068868135459,"Lipidomics",1
"PG_36_1_",-0.104152514177715,"Lipidomics",1
"DG_18_1_18_2_",-0.103944060169084,"Lipidomics",1
"DE_18_2_",0.102552835281916,"Lipidomics",1
"TG_52_1_NL_18_0_",-0.102344555118662,"Lipidomics",1
"TG_51_1_NL_18_1_",-0.101926001528827,"Lipidomics",1
"PG_36_2_",-0.101686493316427,"Lipidomics",1
"TG_51_2_NL_16_0_",-0.10144780627342,"Lipidomics",1
"TG_54_2_NL_18_0_",-0.101336371728636,"Lipidomics",1
"TG_50_3_NL_18_1_",-0.0994364479794402,"Lipidomics",1
"TG_52_4_NL_18_1_",-0.0970576246123835,"Lipidomics",1
"CE_22_5_N3_",0.0966281322942771,"Lipidomics",1
"DG_14_0_18_2_",-0.0951396633953662,"Lipidomics",1
"CE_20_4_",0.0948177583245222,"Lipidomics",1
"CE_22_6_",0.0945829165467054,"Lipidomics",1
"DG_16_0_22_5_",-0.0943792591549246,"Lipidomics",1
"TG_51_2_NL_18_1_",-0.0942477121817997,"Lipidomics",1
"TG_50_1_NL_18_1_",-0.0938826276146077,"Lipidomics",1
"DG_14_0_16_0_",-0.0936704144435644,"Lipidomics",1
"TG_48_2_NL_16_1_",-0.0935223753023364,"Lipidomics",1
"DG_16_0_20_4_",-0.0932052588274356,"Lipidomics",1
"HEX3CER_D18_1_24_1_",0.0929188598361646,"Lipidomics",1
"TG_50_2_NL_18_1_",-0.0926372470277731,"Lipidomics",1
"TG_52_3_NL_18_2_",-0.0924587961455447,"Lipidomics",1
"TG_50_3_NL_14_1_",-0.0917738665339639,"Lipidomics",1
"HEX3CER_D18_1_22_0_",0.0917357821970387,"Lipidomics",1
"TG_48_3_NL_16_1_",-0.0913671806023118,"Lipidomics",1
"TG_50_3_NL_16_1_",-0.0913220251288841,"Lipidomics",1
"PE_18_0_18_1_",-0.0911446501380184,"Lipidomics",1
"DG_18_1_20_3_",-0.0911233459547549,"Lipidomics",1
"TG_48_2_NL_14_1_",-0.0898889286458348,"Lipidomics",1
"TG_48_2_NL_16_0_",-0.0898262365639482,"Lipidomics",1
"HEX3CER_D18_1_24_0_",0.0893894708910828,"Lipidomics",1
"DG_18_0_20_4_",-0.0889419084954129,"Lipidomics",1
"HEX3CER_D18_1_18_0_",0.0883829208421096,"Lipidomics",1
"PE_18_0_20_3_A_",-0.088373697096209,"Lipidomics",1
"DG_18_1_20_4_",-0.0882754020352793,"Lipidomics",1
"TG_50_4_NL_14_0_",-0.0880346453366213,"Lipidomics",1
"CE_18_2_",0.0875393820452147,"Lipidomics",1
"PE_16_0_18_1_",-0.0871964099368194,"Lipidomics",1
"DE_20_4_",0.085447555408067,"Lipidomics",1
"CE_18_3_",0.0849245518993421,"Lipidomics",1
"PE_18_0_22_5_N3_",-0.0848229561432189,"Lipidomics",1
"TG_54_1_NL_18_1_",-0.0846513996123523,"Lipidomics",1
"TG_51_0_NL_16_0_",-0.0844367433821165,"Lipidomics",1
"TG_52_3_NL_16_1_",-0.0838094603371795,"Lipidomics",1
"TG_50_0_NL_18_0_",-0.0834522139575627,"Lipidomics",1
"HEX3CER_D18_1_16_0_",0.0828426767242961,"Lipidomics",1
"TG_50_2_NL_18_2_",-0.0823748801561636,"Lipidomics",1
"TG_51_2_NL_15_0_",-0.0819137794562958,"Lipidomics",1
"TG_48_1_NL_18_1_",-0.0793891708477075,"Lipidomics",1
"TG_52_4_NL_16_0_",-0.0792756088560184,"Lipidomics",1
"PE_17_0_18_1_",-0.0788954091013615,"Lipidomics",1
"TG_O_52_0_NL_16_0_",-0.0776089276901957,"Lipidomics",1
"PE_18_0_20_4_",-0.0773213869223256,"Lipidomics",1
"CE_14_0_",0.0769300450037783,"Lipidomics",1
"TG_48_2_NL_18_1_",-0.0768275194480675,"Lipidomics",1
"TG_49_1_NL_16_0_",-0.0743174272566552,"Lipidomics",1
"PE_18_0_22_5_N6_",-0.0742906927127534,"Lipidomics",1
"TG_48_3_NL_18_2_",-0.074166786527762,"Lipidomics",1
"PC_P_18_1_18_1_",0.0736377115161005,"Lipidomics",1
"TG_48_0_NL_16_0_",-0.0735602392182874,"Lipidomics",1
"TG_54_3_NL_18_1_",-0.072915837079604,"Lipidomics",1
"DG_18_2_20_4_",-0.0728181766339277,"Lipidomics",1
"HEX3CER_D18_1_20_0_",0.0722672356992927,"Lipidomics",1
"PE_18_0_22_4_",-0.0720498408188167,"Lipidomics",1
"TG_49_1_NL_15_0_",-0.070687158825515,"Lipidomics",1
"PC_P_16_0_16_1_",0.0689008986857484,"Lipidomics",1
"CE_16_1_",0.0684734429513474,"Lipidomics",1
"PE_17_0_18_2_",-0.0681749092158253,"Lipidomics",1
"TG_49_1_NL_18_1_",-0.0678934686062501,"Lipidomics",1
"PC_P_16_0_18_1_",0.0678386925223326,"Lipidomics",1
"DG_18_2_18_2_",-0.0675847445460655,"Lipidomics",1
"PE_18_1_18_1_",-0.0675054136120952,"Lipidomics",1
"PG_34_1_",-0.0671585085324508,"Lipidomics",1
"CE_15_0_",0.0664310503254724,"Lipidomics",1
"PE_18_0_18_2_",-0.0663818985756603,"Lipidomics",1
"PE_16_0_18_3_B_",-0.0659248830001094,"Lipidomics",1
"GM3_D18_1_16_0_",0.0657283284752512,"Lipidomics",1
"TG_50_2_NL_18_0_",-0.0654875706473612,"Lipidomics",1
"PI_37_6_",0.0652380354836877,"Lipidomics",1
"PE_20_0_20_4_",-0.0645655416886243,"Lipidomics",1
"TG_54_5_NL_18_1_",-0.0638857094998971,"Lipidomics",1
"TG_54_6_NL_18_2_",-0.0638054983286591,"Lipidomics",1
"TG_O_50_1_NL_16_0_",-0.0636543265791379,"Lipidomics",1
"CE_20_5_",0.062078732814782,"Lipidomics",1
"CE_22_5_N6_",0.0618439029949779,"Lipidomics",1
"PE_18_0_20_3_B_",-0.0618134252300093,"Lipidomics",1
"PE_18_0_22_6_",-0.0614178513445972,"Lipidomics",1
"PG_34_2_",-0.0611996330952274,"Lipidomics",1
"DG_16_0_22_6_",-0.0611400820254867,"Lipidomics",1
"TG_50_1_NL_14_0_",-0.0607830418994425,"Lipidomics",1
"PC_P_16_0_18_0_",0.0607519087190876,"Lipidomics",1
"HEXCER_D18_1_24_1_",0.0596951420099937,"Lipidomics",1
"TG_54_0_NL_18_0_",-0.0595595438253283,"Lipidomics",1
"PC_P_20_0_20_4_",0.058275492593309,"Lipidomics",1
"TG_54_4_NL_18_0_",-0.056913591072597,"Lipidomics",1
"TG_O_52_2_NL_16_0_",-0.0568225772837868,"Lipidomics",1
"LPC_16_0_SN1_",-0.0566166458387717,"Lipidomics",1
"HEX2CER_D18_1_18_0_",0.0563803892723038,"Lipidomics",1
"PE_15_MHDA_18_1_",-0.055935376692163,"Lipidomics",1
"PE_38_5_B_",-0.055467261238952,"Lipidomics",1
"SM_D18_2_23_0_",0.0550532821102361,"Lipidomics",1
"PE_16_0_16_1_",-0.0545026254455126,"Lipidomics",1
"HEX2CER_D18_1_20_0_",0.0542466068466481,"Lipidomics",1
"HEX2CER_D18_1_22_0_",0.0538490753985796,"Lipidomics",1
"PE_15_MHDA_18_2_",-0.0538067288957668,"Lipidomics",1
"LPC_26_0_SN1_",0.0537440222741543,"Lipidomics",1
"SM_43_2_C_",0.0528326397276451,"Lipidomics",1
"LPE_18_0_SN1_",-0.0526782366924945,"Lipidomics",1
"SM_D18_2_24_0_",0.0523683489888361,"Lipidomics",1
"PE_17_0_20_4_",-0.0523541441042509,"Lipidomics",1
"PE_16_0_18_2_",-0.0517677407399472,"Lipidomics",1
"PE_38_5_A_",-0.051341912477044,"Lipidomics",1
"LPC_16_0_SN2_",-0.0513360160509634,"Lipidomics",1
"SM_35_2_B_",0.0508674654864907,"Lipidomics",1
"PC_O_18_0_18_1_",0.0502602491471138,"Lipidomics",1
"PC_P_18_0_22_5_",0.0502515383587813,"Lipidomics",1
"GM1_D18_1_16_0_",0.0501577968031551,"Lipidomics",1
"PC_O_34_1_",0.0501491547041234,"Lipidomics",1
"CER_D16_1_22_0_",-0.0490297292470614,"Lipidomics",1
"SM_D18_1_16_0_",0.047732092957298,"Lipidomics",1
"PE_16_0_20_3_",-0.0474866859043884,"Lipidomics",1
"PC_O_32_1_",0.0474434864242361,"Lipidomics",1
"DHCER_D18_0_24_1_",-0.0471455600588072,"Lipidomics",1
"DE_22_6_",0.0464524463719988,"Lipidomics",1
"PC_O_18_1_18_1_",0.0456443576410268,"Lipidomics",1
"SM_D17_1_16_0_",0.0449761267612857,"Lipidomics",1
"LPE_18_0_SN2_",-0.0448002019837733,"Lipidomics",1
"PE_16_0_20_4_",-0.044016399504497,"Lipidomics",1
"TG_54_4_NL_18_2_",-0.0438510356475462,"Lipidomics",1
"HEX2CER_D18_1_24_1_",0.0427740006954067,"Lipidomics",1
"SM_43_2_B_",0.0426828811876213,"Lipidomics",1
"SM_D18_2_17_0_",0.0423174512452198,"Lipidomics",1
"SM_D17_1_24_1_",0.0420800302071515,"Lipidomics",1
"HEXCER_D18_1_18_0_",0.0419870001963803,"Lipidomics",1
"HEX2CER_D18_1_24_0_",0.0416546018366056,"Lipidomics",1
"TG_56_8_NL_20_4_",-0.0415940474731437,"Lipidomics",1
"HEXCER_D18_1_16_0_",0.041493672206129,"Lipidomics",1
"SULFATIDE__D18_1__16_0_OH__",0.0412887798778571,"Lipidomics",1
"HEX2CER_D18_1_16_0_",0.0412366807350416,"Lipidomics",1
"SULFATIDE__D18_1__24_1_",0.0409174055036887,"Lipidomics",1
"GM3_D18_1_24_1_",0.0407447871638704,"Lipidomics",1
"SM_D18_2_16_0_",0.0405930565863392,"Lipidomics",1
"CER_D18_1_20_0_",-0.0405460015323087,"Lipidomics",1
"PE_16_1_18_2_",-0.0404511914726509,"Lipidomics",1
"PE_18_1_22_6_A_",-0.0402618767292252,"Lipidomics",1
"PC_P_38_5_A_",0.039837640940368,"Lipidomics",1
"SM_D18_1_24_1_",0.03975135990135,"Lipidomics",1
"CER_D20_1_22_0_",-0.0396968606873896,"Lipidomics",1
"PI_18_0_20_3_A_",-0.0396153185530987,"Lipidomics",1
"PE_18_1_18_2_",-0.0393455710320957,"Lipidomics",1
"PE_16_0_16_0_",-0.0391551446717491,"Lipidomics",1
"GM3_D18_1_18_0_",0.0389475943943248,"Lipidomics",1
"PE_15_MHDA_20_4_",-0.0388086275034081,"Lipidomics",1
"DHCER_D18_0_22_0_",-0.0387584095735695,"Lipidomics",1
"SM_D18_1_17_0__SM_D17_1_18_0_",0.0382489504659621,"Lipidomics",1
"PI_18_0_22_4_",-0.0371052911754847,"Lipidomics",1
"PE_P_20_0_22_6_",0.0370025718769858,"Lipidomics",1
"PC_O_40_5_",0.036698893815127,"Lipidomics",1
"PE_16_1_20_4_",-0.0365443740725874,"Lipidomics",1
"PC_P_18_1_22_6_",0.036230853670167,"Lipidomics",1
"SM_37_2_",0.0359840067712146,"Lipidomics",1
"HEXCER_D18_1_24_0_",0.0358637066505359,"Lipidomics",1
"PC_18_0_20_3_",-0.0358065507975754,"Lipidomics",1
"PE_P_20_0_18_2_",0.035740936637914,"Lipidomics",1
"PC_P_18_0_18_2_",0.0350767634600815,"Lipidomics",1
"PE_16_0_18_3_A_",-0.0350162620960072,"Lipidomics",1
"PE_18_1_22_6_B_",-0.0349198288400149,"Lipidomics",1
"DHCER_D18_0_18_0_",-0.0347862013617894,"Lipidomics",1
"PE_17_0_22_6_",-0.0343537814545721,"Lipidomics",1
"PE_16_0_22_6_",-0.0342537761646982,"Lipidomics",1
"LPC_16_1_SN1_",-0.0340238966977466,"Lipidomics",1
"PC_P_18_0_22_6_",0.0336450406548659,"Lipidomics",1
"LPE_16_0_SN1_",-0.0327069708749019,"Lipidomics",1
"PC_O_18_0_22_6_",0.0327038275002812,"Lipidomics",1
"CER_D16_1_24_0_",-0.0324575039791051,"Lipidomics",1
"HEXCER_D18_1_20_0_",0.0323108741062592,"Lipidomics",1
"PI_18_0_20_3_B_",-0.0322498586335067,"Lipidomics",1
"DHCER_D18_0_24_0_",-0.0321132056237902,"Lipidomics",1
"SULFATIDE__D18_1__16_0_",0.0316742393242284,"Lipidomics",1
"SM_D18_0_16_0_",0.0314321271336295,"Lipidomics",1
"CER_D16_1_24_1_",-0.0313693407015829,"Lipidomics",1
"CER_D18_1_22_0_",-0.0305865590229656,"Lipidomics",1
"DHCER_D18_0_20_0_",-0.0305863814637419,"Lipidomics",1
"CER_D16_1_18_0_",-0.0301715198395594,"Lipidomics",1
"DE_18_1_",0.0301085808355224,"Lipidomics",1
"LPC_O_24_2_",0.0301043268789286,"Lipidomics",1
"SM_D18_2_18_1_",0.0300415515769447,"Lipidomics",1
"LPE_16_0_SN2_",-0.0299008814269154,"Lipidomics",1
"LPC_20_3_SN1_",-0.0296367390340767,"Lipidomics",1
"SM_43_1_",0.0296071361994433,"Lipidomics",1
"SM_D16_1_19_0_",0.0292520404356231,"Lipidomics",1
"CER_D18_2_20_0_",-0.0289811726547361,"Lipidomics",1
"SM_D18_2_22_0_",0.028776873807152,"Lipidomics",1
"LPC_14_0_SN1_",-0.0287652919643378,"Lipidomics",1
"LPC_14_0_SN2_",-0.0287557763391326,"Lipidomics",1
"PE_P_20_0_20_4_",0.0286959067928186,"Lipidomics",1
"LPC_20_3_SN2_",-0.0283656383568097,"Lipidomics",1
"PE_P_18_1_22_4_",0.0282318951547226,"Lipidomics",1
"SM_D16_1_24_1_",0.0279678099389194,"Lipidomics",1
"PC_O_18_0_18_2_",0.0274205342445407,"Lipidomics",1
"PI_18_0_20_4_",-0.0272930162311329,"Lipidomics",1
"CER_D17_1_22_0_",-0.0272202006111717,"Lipidomics",1
"CER_D18_2_22_0_",-0.0261438920386051,"Lipidomics",1
"SM_34_3_",0.0257816457961226,"Lipidomics",1
"LPE_18_1_SN2_",-0.0255778147881844,"Lipidomics",1
"LPC_16_1_SN2_",-0.0250769650786458,"Lipidomics",1
"LPC_26_0_SN2_",0.0248855616956357,"Lipidomics",1
"SM_D17_1_14_0_",0.0245851438969245,"Lipidomics",1
"PC_O_16_0_16_0_",0.0239439743488158,"Lipidomics",1
"HEXCER_D18_1_22_0_",0.0238102469952396,"Lipidomics",1
"LPI_20_4_SN1_",-0.023798316284078,"Lipidomics",1
"SM_D19_1_24_1_",0.0234813518357,"Lipidomics",1
"PE_P_15_0_20_4_B_",-0.0230779281456143,"Lipidomics",1
"CER_D20_1_24_1_",-0.0229743552096749,"Lipidomics",1
"SULFATIDE__D18_1__24_0_OH__",0.0229502998152131,"Lipidomics",1
"SM_D18_2_14_0_",0.0228772885394171,"Lipidomics",1
"LPC_P_20_0_",0.022585204926181,"Lipidomics",1
"LPC_17_1_A_SN1_104_SN1_",-0.0223491164420416,"Lipidomics",1
"CE_17_1_",0.0223115751208569,"Lipidomics",1
"PE_15_MHDA_22_6_",-0.0221827378354234,"Lipidomics",1
"LPE_18_1_SN1_",-0.0217557854938209,"Lipidomics",1
"LPC_18_0_SN2_",-0.0215147140420736,"Lipidomics",1
"LPC_O_24_0_",0.0211316106192711,"Lipidomics",1
"PC_P_16_0_18_3_",0.0210543207626622,"Lipidomics",1
"LPC_17_1__SN2_A_",-0.0210175520836113,"Lipidomics",1
"CE_22_4_",0.0207619195092646,"Lipidomics",1
"CE_24_4_",0.0207480323885684,"Lipidomics",1
"CER_D18_1_24_1_",-0.0207117589890512,"Lipidomics",1
"CER_D18_1_18_0_",-0.020172451584496,"Lipidomics",1
"PC_16_0_18_1_",-0.0200164681405002,"Lipidomics",1
"PI_39_6_",0.0198649504852259,"Lipidomics",1
"PC_O_38_5_",0.0195930316980705,"Lipidomics",1
"LPC_18_0_SN1_",-0.0195436184844636,"Lipidomics",1
"PC_18_0_22_5_N6_",-0.0192139531780191,"Lipidomics",1
"CER_D18_1_24_0_",-0.0189421444757545,"Lipidomics",1
"PC_32_1_",-0.0188163494129289,"Lipidomics",1
"SM_D18_2_20_0_",0.0187793509527615,"Lipidomics",1
"PI_18_0_22_5_N6_",-0.0186232075193295,"Lipidomics",1
"GM3_D18_1_24_0_",0.0181447898322264,"Lipidomics",1
"LPE_20_4_SN2_",-0.0180131859094555,"Lipidomics",1
"PC_P_16_0_16_0_",0.0177870398607502,"Lipidomics",1
"CE_24_6_",0.0176847998861028,"Lipidomics",1
"PC_O_36_0_",0.0176287393620543,"Lipidomics",1
"CER_D20_1_24_0_",-0.0175676289370498,"Lipidomics",1
"LPC_O_24_1_",0.0171750245548447,"Lipidomics",1
"PC_O_18_0_20_4_",0.016984835760657,"Lipidomics",1
"DE_16_0_",0.0168944892817118,"Lipidomics",1
"CER_D18_2_26_0_",0.016746782289673,"Lipidomics",1
"CE_24_5_",0.0166163133415146,"Lipidomics",1
"SM_D18_1_23_0__SM_D17_1_24_0_",0.0158060425552327,"Lipidomics",1
"SM_D18_1_14_0__SM_D16_1_16_0_",0.0156482861442536,"Lipidomics",1
"PC_P_36_3_",0.0155837908199202,"Lipidomics",1
"PC_O_40_7_A_",0.0153871282491094,"Lipidomics",1
"LPC_P_18_1_",0.0151556582856655,"Lipidomics",1
"LPC_22_5_SN1_N6_",-0.0151217146299646,"Lipidomics",1
"CE_24_1_",0.0150273886509447,"Lipidomics",1
"LPC_18_3_SN1_B_",-0.0149190590486091,"Lipidomics",1
"LPE_20_4_SN1_",-0.0149086239017234,"Lipidomics",1
"PC_18_0_22_4_",-0.0148914390887327,"Lipidomics",1
"PC_18_0_18_1_",-0.0148113894714572,"Lipidomics",1
"LPI_20_4_SN2_",-0.0145483080092991,"Lipidomics",1
"CER_D17_1_24_1_",-0.0137010360729682,"Lipidomics",1
"SM_D18_0_14_0_",0.0136082634891469,"Lipidomics",1
"PC_16_0_20_3_A_",-0.0124634054913286,"Lipidomics",1
"LPC_O_22_1_",0.0123986509952168,"Lipidomics",1
"ACYLCARNITINE_16_0_",-0.0122090746175575,"Lipidomics",1
"PI_20_0_20_4_",-0.0121795437856806,"Lipidomics",1
"PC_16_0_18_3_B_",-0.0116292538309084,"Lipidomics",1
"SM_D16_1_23_0__SM_D17_1_22_0_",0.011573584061253,"Lipidomics",1
"PC_P_18_0_20_4_",0.0115468318594597,"Lipidomics",1
"PE_O_18_0_22_6_",0.0115236157876456,"Lipidomics",1
"SULFATIDE__D18_1__24_1_OH__",0.0111628507609612,"Lipidomics",1
"SM_41_1_A_",0.0110810308574552,"Lipidomics",1
"LPE_P_16_0_",-0.0107616132598955,"Lipidomics",1
"LPE_P_20_0_",0.0106421979918521,"Lipidomics",1
"LPC_17_1_SN1_A__LPC_17_1_SN2_B_",-0.0105883668692386,"Lipidomics",1
"PC_P_16_0_22_6_",0.0105541384050933,"Lipidomics",1
"CER_D18_2_14_0_",0.0104319125931171,"Lipidomics",1
"CER_D17_1_20_0_",-0.0100427384223558,"Lipidomics",1
"LPC_22_4_SN2_",-0.00998553059706534,"Lipidomics",1
"PC_O_18_1_18_2_",0.00996777574995172,"Lipidomics",1
"PC_P_38_5_B_",0.00990082021007906,"Lipidomics",1
"SM_D18_2_18_0_",0.00972140453942199,"Lipidomics",1
"PI_16_0_16_1_",-0.00952649801306611,"Lipidomics",1
"LPE_17_0_SN1_",-0.00937733343208954,"Lipidomics",1
"PC_38_4_B_",-0.00930154246749324,"Lipidomics",1
"CER_D19_1_26_0_",0.00909305244195285,"Lipidomics",1
"PC_16_0_20_3_B_",-0.00860518303519136,"Lipidomics",1
"PE_16_0_20_5_",-0.00853140615826782,"Lipidomics",1
"CE_16_0_",0.00831559304004229,"Lipidomics",1
"CE_20_2_",0.00828278083408232,"Lipidomics",1
"LPC_22_4_SN1_",-0.00797862944620256,"Lipidomics",1
"PE_P_17_0_20_4_B_",-0.00784587819315934,"Lipidomics",1
"PI_16_0_20_4_",-0.00619897250915304,"Lipidomics",1
"CER_D18_2_24_1_",-0.00617212954208821,"Lipidomics",1
"LPC_15_0_SN1_",-0.00611572084697684,"Lipidomics",1
"CER_D18_2_24_0_",-0.00576148199180289,"Lipidomics",1
"PC_O_40_7_B_",0.00569296011673282,"Lipidomics",1
"SM_D18_0_22_0_",-0.00537848006629022,"Lipidomics",1
"PC_P_15_0_20_4_A_",-0.00490091150827855,"Lipidomics",1
"CER_D18_2_17_0_",0.00460213823300497,"Lipidomics",1
"DE_20_5_",0.00448262170453606,"Lipidomics",1
"PC_18_0_22_5_N3__PC_20_1_20_4_",-0.00417834514634969,"Lipidomics",1
"SULFATIDE__D18_1__24_0_",0.00408547041394696,"Lipidomics",1
"CER_D19_1_22_0_",-0.00375163707152948,"Lipidomics",1
"PC_P_17_0_20_4_A_",0.00357064326541482,"Lipidomics",1
"PC_38_7_C_",0.00317269458359318,"Lipidomics",1
"PE_P_18_0_22_4_",0.00315577603283016,"Lipidomics",1
"LPC_15_0_SN2_",-0.00313651442152751,"Lipidomics",1
"CER_D17_1_24_0_",-0.00309413093812665,"Lipidomics",1
"PI_15_MHDA_20_4__PI_17_0_20_4_",-0.00283430696239922,"Lipidomics",1
"PE_P_17_0_20_4_A_",-0.00254967210531699,"Lipidomics",1
"LPE_22_6_SN2_",-0.0023811051484671,"Lipidomics",1
"PC_18_1_20_3_",-0.00230887156155693,"Lipidomics",1
"LPC_24_0_SN2_",0.00216221009085919,"Lipidomics",1
"PE_36_0_",-0.00150350292965281,"Lipidomics",1
"PE_P_16_0_20_4_",-0.00147998737358679,"Lipidomics",1
"LPC_20_4_SN2_",-0.0014581416140179,"Lipidomics",1
"PC_33_1_",-0.00134824903493903,"Lipidomics",1
"LPC_24_0_SN1_",0.00133369908763194,"Lipidomics",1
"LPC_20_4_SN1_",-0.00132083402006668,"Lipidomics",1
"LPC_P_18_0_",0.00129003682670408,"Lipidomics",1
"PE_P_16_0_20_3_A_",-0.0012682811862578,"Lipidomics",1
"PC_O_34_2_",0.00118834869084044,"Lipidomics",1
"LPC_O_22_0_",0.00115629700611583,"Lipidomics",1
"TG_58_8_NL_22_6_",-0.000983335369142594,"Lipidomics",1
"PE_O_18_1_22_6_",0.000802389615037422,"Lipidomics",1
"PI_16_0_20_3_B_",-0.00076936636638506,"Lipidomics",1
"PI_18_0_22_5_N3_",-0.000421297246224361,"Lipidomics",1
"PC_15_MHDA_22_6_",0.000330986645545121,"Lipidomics",1
"ACYLCARNITINE_13_0_",6.48156996297063e-05,"Lipidomics",1
"LPC_17_0_SN1_",-5.18748666237031e-05,"Lipidomics",1
"PS_40_6_",-4.76892674784056e-05,"Lipidomics",1
"PC_P_15_0_20_4_B_",-1.47735736081003e-05,"Lipidomics",1
"LPNNVLQEK",-0.379645955769096,"Proteomics",1
"TVGSDTFYSFK",-0.301960477931321,"Proteomics",1
"FLVNLVK",-0.275229380534921,"Proteomics",1
"DADPDTFFAK",-0.26676532183693,"Proteomics",1
"LSSPAVITDK",-0.259281641548236,"Proteomics",1
"FSVVYAK",-0.245442707686185,"Proteomics",1
"QVVAGLNFR",-0.236307556206973,"Proteomics",1
"QYYEGSEIVVAGR",-0.235313397375155,"Proteomics",1
"DIPTNSPELEETLTHTITK",-0.231756430531697,"Proteomics",1
"EFSHLGK",-0.182196850918515,"Proteomics",1
"VPTADLEDVLPLAEDITNILSK",-0.17233217097988,"Proteomics",1
"AFIQLWAFDAVK",-0.170673369882697,"Proteomics",1
"TLLPVSKPEIR",-0.168178129706778,"Proteomics",1
"AHYDLR",-0.160552009999408,"Proteomics",1
"EAQLPVIENK",-0.159887834630844,"Proteomics",1
"HTLNQIDEVK",-0.1562964545266,"Proteomics",1
"FLYHK",-0.135247224270594,"Proteomics",1
"ETLLQDFR",-0.13105659048541,"Proteomics",1
"VFQFLEK",-0.12513326255134,"Proteomics",1
"VQLVVGDGR",0.115472679865733,"Proteomics",1
"LGFTDLFSK",-0.101519323500891,"Proteomics",1
"SGLSTGWTQLSK",-0.0932321553110006,"Proteomics",1
"NGVAQEPVHLDSPAIK",-0.0834347090522203,"Proteomics",1
"HLSLLTTLSNR",-0.081423966866134,"Proteomics",1
"EVAFDLEIPK",-0.0814088261570522,"Proteomics",1
"TFTLLDPK",-0.0798878206835783,"Proteomics",1
"YGLVTYATYPK",-0.0742463003529454,"Proteomics",1
"DINYVNPVIK",-0.0725393742353468,"Proteomics",1
"SDLEVAHYK",-0.05906375492326,"Proteomics",1
"VGSALFLSHNLK",-0.0449517612166097,"Proteomics",1
"FYYLIASETPGK",-0.0306362984127917,"Proteomics",1
"DFHINLFR",-0.0294305728561058,"Proteomics",1
"HSIFTPETNPR",-0.0224865899942665,"Proteomics",1
"QGHNSVFLIK",-0.0213800862699384,"Proteomics",1
"YEFILK",-0.0138896192324066,"Proteomics",1
"FAW6",0.503081278789154,"Metabolomics",2
"PUFA",0.454657028501955,"Metabolomics",2
"M.LDL.PL",0.425110050554903,"Metabolomics",2
"S.LDL.PL",0.353756536080455,"Metabolomics",2
"IDL.CE",0.235648485821639,"Metabolomics",2
"XS.VLDL.C",0.227191131068782,"Metabolomics",2
"REMNANT.C",0.191270530306788,"Metabolomics",2
"XS.VLDL.PL",0.134604674900697,"Metabolomics",2
"L.LDL.PL",0.119036219754445,"Metabolomics",2
"LA",0.11901558256042,"Metabolomics",2
"XS.VLDL.CE",0.115824338997191,"Metabolomics",2
"SM",0.106650490623831,"Metabolomics",2
"XS.VLDL.FC",0.0672515687685331,"Metabolomics",2
"SERUM.C",0.0613084852892281,"Metabolomics",2
"L.LDL.CE",0.0570496802688038,"Metabolomics",2
"ESTC",0.0536765899774871,"Metabolomics",2
"S.LDL.P",0.0482464675427567,"Metabolomics",2
"FREEC",0.0391752589845023,"Metabolomics",2
"S.LDL.L",0.0224123191079259,"Metabolomics",2
"L.LDL.P",0.0161983562239335,"Metabolomics",2
"M.LDL.P",0.0138851655808546,"Metabolomics",2
"M.LDL.L",0.0105453176469099,"Metabolomics",2
"IDL.C",0.00356567534599007,"Metabolomics",2
"SM_D18_2_22_0_",0.685337739683163,"Lipidomics",2
"SM_D18_1_22_0__SM_D16_1_24_0_",0.653538063638204,"Lipidomics",2
"SM_D18_1_23_0__SM_D17_1_24_0_",0.270445931001904,"Lipidomics",2
"CE_18_1_",0.171880727077568,"Lipidomics",2
"CE_18_0_",0.0227199473106947,"Lipidomics",2
"SLGVGFATR",-0.283826437881987,"Proteomics",2
"HVGDLGNVTADK",-0.277937866252002,"Proteomics",2
"SIVTLDGGK",-0.237990335575361,"Proteomics",2
"AITPPHPASQANIIFDITEGNLR",-0.233352153787614,"Proteomics",2
"ELSAERPLNEQIAEAEEDK",-0.208924753433322,"Proteomics",2
"LEGNPIVLGK",-0.201531207354376,"Proteomics",2
"TLSDYNIQK",-0.193174089731631,"Proteomics",2
"TITLEVEPSDTIENVK",-0.184994100912317,"Proteomics",2
"ESAYLYAR",-0.179095563770761,"Proteomics",2
"ESTLHLVLR",-0.169500890916,"Proteomics",2
"ADTDGGLIFR",0.16733068625639,"Proteomics",2
"VLTHSELAPLR",-0.137740512112792,"Proteomics",2
"LGAEVYHTLK",-0.136574954266286,"Proteomics",2
"VSTLPAITLK",-0.136067972636403,"Proteomics",2
"VPVAVQGEDTVQSLTQGDGVAK",0.134427485516975,"Proteomics",2
"ATGEGLIR",-0.133391122014793,"Proteomics",2
"LNVEDVDSTK",-0.127607713421651,"Proteomics",2
"SVLGQLGITK",-0.124255897932986,"Proteomics",2
"ETPAATEAPSSTPK",-0.115975470864761,"Proteomics",2
"LIQGAPTIR",-0.111511009955146,"Proteomics",2
"SGETVINTANYHDTSPYR",-0.111022474946352,"Proteomics",2
"AVLTIDEK",-0.109491642161349,"Proteomics",2
"LPHTLR",-0.105340267594369,"Proteomics",2
"YLQGSSVQLR",-0.103407521566227,"Proteomics",2
"VNHVTLSQPK",-0.10228411160702,"Proteomics",2
"LDIDSPPITAR",-0.0976258527723353,"Proteomics",2
"IVASTLSNPELFEEWTGNVK",-0.0969071134242684,"Proteomics",2
"SLTLGIEPVSPTSLR",-0.0962509864711339,"Proteomics",2
"LALGDDSPALK",-0.0960247566594931,"Proteomics",2
"SSFVAPLEK",-0.0959065934155204,"Proteomics",2
"GNPTVEVDLYTAK",-0.0926137679104212,"Proteomics",2
"AIPVAQDLNAPSDWDSR",-0.0922583595852148,"Proteomics",2
"ETVIIPNEK",-0.0917360839190918,"Proteomics",2
"LSITGTYDLK",-0.0910372557028374,"Proteomics",2
"ALDFAVGEYNK",-0.0901352244971731,"Proteomics",2
"AQGIAQGAIR",-0.0882984891700772,"Proteomics",2
"ALQLPYR",-0.0841369131594395,"Proteomics",2
"ALADVATVLGR",-0.0813835111067591,"Proteomics",2
"EQDAPVAGLQPVER",-0.0810852431002756,"Proteomics",2
"TELRPGETLNVNFLLR",-0.0803115183279094,"Proteomics",2
"WYFDLSK",-0.0784331995462881,"Proteomics",2
"ALQASALK",-0.0780827380810135,"Proteomics",2
"VEHSDLSFSK",-0.0776354431730211,"Proteomics",2
"SGNENGEFYLR",-0.0767726111264966,"Proteomics",2
"VHQSPDGTLLIYNLR",-0.0697488966762421,"Proteomics",2
"THPHFVIPYR",-0.0694953352017359,"Proteomics",2
"NLDYVATSIHEAVTK",-0.068054865129648,"Proteomics",2
"SHLIIAQVAK",-0.066558140261176,"Proteomics",2
"LSINTHPSQKPLSITVR",-0.0664260360906741,"Proteomics",2
"SLVTVLGIPQKPIITGYK",-0.0647872691601969,"Proteomics",2
"AGLQVYNK",-0.0643698103986112,"Proteomics",2
"TTKPYPADIVVQFK",-0.0625828124042173,"Proteomics",2
"SIVDSGTTNLR",-0.0613912826054548,"Proteomics",2
"AATVGSLAGQPLQER",-0.0581597100573306,"Proteomics",2
"APDVTTLPR",-0.0574037920229355,"Proteomics",2
"LGPLVEQGR",-0.0573929767025607,"Proteomics",2
"ATYIQNYR",-0.0561823905234034,"Proteomics",2
"LVPVVNNR",-0.0558232821466097,"Proteomics",2
"LQGDAVVLK",-0.0557704713915333,"Proteomics",2
"TVQAVLTVPK",-0.055467553140393,"Proteomics",2
"AQGFTEDTIVFLPQTDK",-0.0551901645629048,"Proteomics",2
"TGYYFDGISR",-0.0546315316171439,"Proteomics",2
"IAELSATAQEIIK",0.0541078047973884,"Proteomics",2
"LLAPSDSPEWLSFDVTGVVR",-0.0523971970179156,"Proteomics",2
"VQLVVGDGR",-0.048417850782465,"Proteomics",2
"HGLYNLK",-0.0481126637935431,"Proteomics",2
"WYFDVTEGK",-0.0479801786039077,"Proteomics",2
"DGEYVVEVR",-0.0477343894612,"Proteomics",2
"EGSVPPLK",-0.0477247205883176,"Proteomics",2
"FQDDPDGLHQLDGTPLTAEDIVHK",-0.0472143561888196,"Proteomics",2
"GFQALGDAADIR",-0.047069197956929,"Proteomics",2
"DTDTGALLFIGK",-0.0469431616756222,"Proteomics",2
"LSELIQPLPLER",-0.0463310316321469,"Proteomics",2
"GNLAGLTLR",-0.0451300359513064,"Proteomics",2
"TESTLNALLQR",0.0437285760570811,"Proteomics",2
"LVDQNIFSFYLSR",-0.0436881448286416,"Proteomics",2
"DTQFSYAVFK",-0.0433723823228584,"Proteomics",2
"IPDGVVSVSPK",-0.0418617202308095,"Proteomics",2
"LSSGLVTAALYGR",-0.0410417678918997,"Proteomics",2
"GVISNSGGPVR",-0.040534751990177,"Proteomics",2
"LAVYQAGAR",-0.0401754580031383,"Proteomics",2
"IHGQNVPFDAVVVDK",-0.0397580865280816,"Proteomics",2
"TSESGELHGLTTEEEFVEGIYK",-0.0380591461054318,"Proteomics",2
"LSILYPATTGR",0.0373206347696551,"Proteomics",2
"VTGVVLFR",-0.0368655510338425,"Proteomics",2
"GLGEISAASEFK",-0.0356079794883376,"Proteomics",2
"HLSVNDLPVGR",-0.033861824538593,"Proteomics",2
"YLPFVPSR",-0.0336816349279859,"Proteomics",2
"SEEFLIAGK",-0.0334889186723571,"Proteomics",2
"SFTLASSETGVGAPISGPGIPGR",-0.0331436291615269,"Proteomics",2
"TGLQEVEVK",-0.0326571024001366,"Proteomics",2
"TALASGGVLDASGDYR",-0.0304532849010503,"Proteomics",2
"GNPVPQQYLWEK",-0.0298555738542211,"Proteomics",2
"SLPVDVFAGVSLSK",-0.0293099485745903,"Proteomics",2
"ILGQQVPYATK",-0.0287136057694708,"Proteomics",2
"VTIPTDLIASSGDIIK",-0.026733958361308,"Proteomics",2
"IPSNPSHR",-0.0260106545051749,"Proteomics",2
"IIVQAQPEWLK",-0.0257124120203095,"Proteomics",2
"QQLQALSEPQPR",-0.0254285611449893,"Proteomics",2
"VEIDTK",-0.0249424822711708,"Proteomics",2
"DLFIDGQSK",-0.0246425505223883,"Proteomics",2
"TLVVHEK",-0.0233172682918736,"Proteomics",2
"QLLLTADDR",-0.0231355879277118,"Proteomics",2
"SWLAELQQWLKPGLK",-0.0231041172350213,"Proteomics",2
"AGEQDATIHLK",-0.0211663467879719,"Proteomics",2
"SALDTAAR",-0.0206374156560802,"Proteomics",2
"YSQAVPAVTEGPIPEVLK",-0.0194962405230142,"Proteomics",2
"VTLSAAPPSYFR",-0.0182140857181944,"Proteomics",2
"LGERPPALLGSQGLR",-0.0175642076425586,"Proteomics",2
"IIELSQTTAK",-0.0153347633602529,"Proteomics",2
"GVHYISVSATR",-0.0133990695291239,"Proteomics",2
"NLQNLDPSHR",-0.0132275024192056,"Proteomics",2
"TGEVLDTK",-0.0119114484474822,"Proteomics",2
"ESDTSYVSLK",0.0113042181982818,"Proteomics",2
"NLHDLDVSDNQLER",-0.0110438387419096,"Proteomics",2
"SGSGLVGR",-0.0104060850855504,"Proteomics",2
"WWGGQPLWITATK",-0.00900328789406556,"Proteomics",2
"ASGSPEPAISWFR",-0.00893843072968303,"Proteomics",2
"DISLSDYK",-0.00649473962261309,"Proteomics",2
"WFSAGLASNSSWLR",-0.00638481737368273,"Proteomics",2
"VVAGEVQVQR",-0.00554890669255613,"Proteomics",2
"DVVASLVSTR",-0.00513981021296154,"Proteomics",2
"AGLLRPDYALLGHR",-0.00462688582441296,"Proteomics",2
"LSGSFLK",0.00439693616028458,"Proteomics",2
"AGLAASLAGPHSIVGR",-0.00374028635838584,"Proteomics",2
"YTNWIQK",-0.00353551881930749,"Proteomics",2
"GINVALANGK",-0.0021704389598241,"Proteomics",2
"SYLEITPSR",-0.00208271890802392,"Proteomics",2
"VTIDSSYDIAK",-0.000964434632353497,"Proteomics",2
"FYYLIASETPGK",-0.000923694245914398,"Proteomics",2
"LESLEHQLR",0.000823088808515294,"Proteomics",2
"S.HDL.PL",0.226239662461861,"Metabolomics",3
"S.HDL.FC",0.216532632574688,"Metabolomics",3
"S.HDL.P",0.206109626274343,"Metabolomics",3
"S.HDL.L",0.205347293784167,"Metabolomics",3
"M.HDL.P",0.19589883525275,"Metabolomics",3
"M.HDL.L",0.19374819328008,"Metabolomics",3
"M.HDL.CE",0.189787408239227,"Metabolomics",3
"M.HDL.C",0.187615371073612,"Metabolomics",3
"M.HDL.PL",0.186756099643981,"Metabolomics",3
"GLOL",0.179250635309412,"Metabolomics",3
"M.HDL.FC",0.177609153626931,"Metabolomics",3
"FAW3.FA",0.174261399970343,"Metabolomics",3
"DHA",0.171502984409394,"Metabolomics",3
"DHA.FA",0.169602622880061,"Metabolomics",3
"FAW3",0.167543173775496,"Metabolomics",3
"M.HDL.FC_.",0.131890943103519,"Metabolomics",3
"LA.FA",-0.130617704305183,"Metabolomics",3
"M.HDL.PL_.",-0.129563623323571,"Metabolomics",3
"S.VLDL.PL_.",0.127651148402513,"Metabolomics",3
"L.HDL.TG_.",-0.122956006644359,"Metabolomics",3
"CREA",-0.108663551574329,"Metabolomics",3
"S.HDL.C",0.106538458497223,"Metabolomics",3
"XL.HDL.TG",-0.106285681603491,"Metabolomics",3
"M.HDL.C_.",0.10409138687883,"Metabolomics",3
"UNSAT",0.103941359459245,"Metabolomics",3
"S.LDL.PL_.",0.0945657224497486,"Metabolomics",3
"S.VLDL.FC_.",0.0929193814108936,"Metabolomics",3
"APOB.APOA1",-0.0872701921289386,"Metabolomics",3
"ACE",-0.0865966755908568,"Metabolomics",3
"M.HDL.TG",0.0848279180933751,"Metabolomics",3
"S.HDL.FC_.",0.0842809963874626,"Metabolomics",3
"S.HDL.PL_.",0.0838958758112452,"Metabolomics",3
"M.LDL.PL_.",0.0828827667601744,"Metabolomics",3
"L.LDL.PL_.",0.0828777731419406,"Metabolomics",3
"L.HDL.PL_.",0.0820321509887711,"Metabolomics",3
"S.LDL.CE_.",-0.0802726109690117,"Metabolomics",3
"HDL2.C",0.0794686554279479,"Metabolomics",3
"S.LDL.C_.",-0.0780605546936535,"Metabolomics",3
"HDL.C",0.0776153463183123,"Metabolomics",3
"GLY",0.0773811872861863,"Metabolomics",3
"M.LDL.CE_.",-0.0768834260905779,"Metabolomics",3
"APOA1",0.0765901680186822,"Metabolomics",3
"ACACE",-0.0764618024106911,"Metabolomics",3
"ALA",0.076311324008973,"Metabolomics",3
"M.LDL.C_.",-0.0755719086691329,"Metabolomics",3
"BOHBUT",-0.0747078668717327,"Metabolomics",3
"M.HDL.CE_.",0.0717005495013254,"Metabolomics",3
"S.HDL.CE",0.0703346959996286,"Metabolomics",3
"M.LDL.FC_.",0.069567147047157,"Metabolomics",3
"S.LDL.FC_.",0.0692557356612629,"Metabolomics",3
"S.HDL.TG_.",-0.0690049015904335,"Metabolomics",3
"HIS",0.0671412954465965,"Metabolomics",3
"L.LDL.CE_.",-0.0670205645364732,"Metabolomics",3
"L.LDL.C_.",-0.0670047702106391,"Metabolomics",3
"M.VLDL.C_.",-0.0666161043276354,"Metabolomics",3
"CIT",0.0652308696449209,"Metabolomics",3
"XXL.VLDL.CE",-0.0646039887484175,"Metabolomics",3
"M.HDL.TG_.",-0.0591357503245253,"Metabolomics",3
"TOTPG",0.058959898559467,"Metabolomics",3
"L.HDL.PL",0.058475430182879,"Metabolomics",3
"S.HDL.CE_.",-0.0560875131115827,"Metabolomics",3
"M.VLDL.TG_.",0.0560738916200408,"Metabolomics",3
"M.VLDL.CE_.",-0.0557081134375857,"Metabolomics",3
"M.LDL.TG_.",0.0548702253653143,"Metabolomics",3
"SFA.FA",-0.0532541292808691,"Metabolomics",3
"MUFA",0.0523309413347305,"Metabolomics",3
"TOTFA",0.0511564692458931,"Metabolomics",3
"PUFA",0.0490269636573561,"Metabolomics",3
"L.LDL.TG_.",0.0489644088490402,"Metabolomics",3
"S.HDL.C_.",-0.0489484117178801,"Metabolomics",3
"XL.HDL.CE_.",-0.0487130108977848,"Metabolomics",3
"FAW6.FA",-0.0481784144413758,"Metabolomics",3
"XL.HDL.PL_.",0.046617041212508,"Metabolomics",3
"SM",0.0455824153106491,"Metabolomics",3
"HDL3.C",0.0449969366643695,"Metabolomics",3
"M.LDL.CE",-0.0429644367538795,"Metabolomics",3
"PC",0.0421831000654868,"Metabolomics",3
"XL.HDL.TG_.",-0.0416997760202895,"Metabolomics",3
"IDL.PL",-0.041474871656531,"Metabolomics",3
"L.HDL.P",0.0414211184371426,"Metabolomics",3
"L.LDL.C",-0.0411879879800043,"Metabolomics",3
"S.LDL.CE",-0.0411292007850449,"Metabolomics",3
"L.LDL.CE",-0.0411287635855583,"Metabolomics",3
"XL.HDL.C_.",-0.0409412862831734,"Metabolomics",3
"L.LDL.FC",-0.0408333827232912,"Metabolomics",3
"L.HDL.L",0.0403993572163868,"Metabolomics",3
"M.LDL.C",-0.0402179559311508,"Metabolomics",3
"IDL.TG_.",0.0400866732760231,"Metabolomics",3
"LDL.C",-0.0399631668840614,"Metabolomics",3
"VAL",-0.0390485975117923,"Metabolomics",3
"XL.VLDL.CE",-0.0390087624037576,"Metabolomics",3
"L.LDL.L",-0.0383570054772027,"Metabolomics",3
"IDL.L",-0.038026760346634,"Metabolomics",3
"SFA",0.0378959846388839,"Metabolomics",3
"IDL.P",-0.0378825604534251,"Metabolomics",3
"L.LDL.P",-0.0375915901457671,"Metabolomics",3
"L.HDL.TG",-0.0375915291988267,"Metabolomics",3
"IDL.FC",-0.0374768892379203,"Metabolomics",3
"IDL.C",-0.0372652118655787,"Metabolomics",3
"TOTCHO",0.0370589597038383,"Metabolomics",3
"S.LDL.TG_.",0.0369993814283763,"Metabolomics",3
"IDL.CE",-0.036749628970079,"Metabolomics",3
"IDL.C_.",-0.0361403535467109,"Metabolomics",3
"S.LDL.C",-0.0359289442815596,"Metabolomics",3
"M.VLDL.CE",-0.0355645904290904,"Metabolomics",3
"M.LDL.L",-0.0351006268658751,"Metabolomics",3
"M.LDL.P",-0.0347700108654493,"Metabolomics",3
"XXL.VLDL.C",-0.034606508964236,"Metabolomics",3
"APOB",-0.0341788928063665,"Metabolomics",3
"ALB",0.0339554832659167,"Metabolomics",3
"GLC",-0.0327731653455324,"Metabolomics",3
"IDL.FC_.",-0.0326256319530572,"Metabolomics",3
"L.HDL.CE",0.031920531736382,"Metabolomics",3
"REMNANT.C",-0.0303313418570247,"Metabolomics",3
"S.VLDL.PL",0.0302944661932509,"Metabolomics",3
"L.LDL.PL",-0.0302903984429835,"Metabolomics",3
"LDL.D",-0.0294838415387706,"Metabolomics",3
"L.HDL.C",0.0294082755815397,"Metabolomics",3
"GP",0.0288704179509829,"Metabolomics",3
"M.LDL.FC",-0.0278572938239168,"Metabolomics",3
"IDL.CE_.",-0.0273573191449736,"Metabolomics",3
"GLN",0.0262937005694043,"Metabolomics",3
"LA",-0.0261968426823049,"Metabolomics",3
"S.LDL.L",-0.0253021497711669,"Metabolomics",3
"S.LDL.P",-0.0248088375910783,"Metabolomics",3
"XL.VLDL.C",-0.024544035852997,"Metabolomics",3
"XS.VLDL.CE_.",-0.0240769226585651,"Metabolomics",3
"XL.HDL.CE",-0.0235995637822249,"Metabolomics",3
"S.VLDL.CE_.",-0.0229327158215088,"Metabolomics",3
"IDL.PL_.",-0.0228131002795465,"Metabolomics",3
"MUFA.FA",0.0225023808198778,"Metabolomics",3
"L.HDL.FC",0.0214607461583236,"Metabolomics",3
"L.HDL.CE_.",-0.0212983865240113,"Metabolomics",3
"S.VLDL.FC",0.0211933333390881,"Metabolomics",3
"XL.HDL.C",-0.0208550363876326,"Metabolomics",3
"FAW6",0.0202611495332814,"Metabolomics",3
"PHE",0.0196236052439748,"Metabolomics",3
"L.VLDL.CE",-0.0191266064603884,"Metabolomics",3
"M.VLDL.C",-0.0184745602060772,"Metabolomics",3
"XXL.VLDL.P",-0.0178219461715177,"Metabolomics",3
"XXL.VLDL.L",-0.0176694620564994,"Metabolomics",3
"XXL.VLDL.TG",-0.0174624508841584,"Metabolomics",3
"XS.VLDL.FC_.",0.0169417993184972,"Metabolomics",3
"L.LDL.FC_.",-0.0169263983145925,"Metabolomics",3
"S.VLDL.TG_.",-0.0162829100451548,"Metabolomics",3
"M.LDL.PL",-0.0162757341809669,"Metabolomics",3
"L.HDL.C_.",-0.0158800435933831,"Metabolomics",3
"XL.HDL.P",-0.0139837678760519,"Metabolomics",3
"XL.HDL.L",-0.0137671613444707,"Metabolomics",3
"XS.VLDL.CE",-0.0137249506717571,"Metabolomics",3
"XL.HDL.FC",-0.0136970721604954,"Metabolomics",3
"XS.VLDL.C_.",-0.0131233304771354,"Metabolomics",3
"S.LDL.FC",-0.0128697254588697,"Metabolomics",3
"XS.VLDL.TG_.",0.0127623807005797,"Metabolomics",3
"M.VLDL.PL_.",0.012531972689089,"Metabolomics",3
"VLDL.C",-0.011400013744151,"Metabolomics",3
"M.VLDL.FC_.",-0.00970114284051873,"Metabolomics",3
"S.VLDL.C_.",-0.00916865578885003,"Metabolomics",3
"L.LDL.TG",-0.00885086674428818,"Metabolomics",3
"ILE",-0.00882283843836722,"Metabolomics",3
"XS.VLDL.PL_.",-0.00847714420597231,"Metabolomics",3
"S.VLDL.CE",-0.00780336439568328,"Metabolomics",3
"L.VLDL.C",-0.00716563734714879,"Metabolomics",3
"XS.VLDL.C",-0.00707703894623228,"Metabolomics",3
"FREEC",-0.00686794568974606,"Metabolomics",3
"XL.VLDL.L",-0.00662201788530436,"Metabolomics",3
"L.HDL.FC_.",-0.00610164735704638,"Metabolomics",3
"XS.VLDL.TG",0.00602730078232069,"Metabolomics",3
"XL.VLDL.FC",-0.00582970344367914,"Metabolomics",3
"XL.VLDL.P",-0.00579983326387547,"Metabolomics",3
"LDL.TG",-0.00554121623376809,"Metabolomics",3
"S.VLDL.L",0.00538611462510118,"Metabolomics",3
"M.LDL.TG",-0.00456979798190162,"Metabolomics",3
"S.LDL.PL",0.00449838224855385,"Metabolomics",3
"XL.HDL.FC_.",0.00415491011225064,"Metabolomics",3
"S.VLDL.P",0.00412387916026859,"Metabolomics",3
"XS.VLDL.PL",-0.00372560471643125,"Metabolomics",3
"M.VLDL.L",-0.00362695009444664,"Metabolomics",3
"XL.VLDL.TG",-0.00295621000657979,"Metabolomics",3
"M.VLDL.PL",-0.00290692114909784,"Metabolomics",3
"HDL.TG",-0.00281511718668611,"Metabolomics",3
"XL.HDL.PL",-0.00263971050859142,"Metabolomics",3
"M.VLDL.P",-0.00260352920479317,"Metabolomics",3
"VLDL.D",-0.0018409711629623,"Metabolomics",3
"S.HDL.TG",0.00183647474984458,"Metabolomics",3
"XS.VLDL.L",-0.00158418109843289,"Metabolomics",3
"IDL.TG",-0.00107470487324332,"Metabolomics",3
"TG.PG",-0.000960305561534314,"Metabolomics",3
"LEU",-0.000859528725050563,"Metabolomics",3
"XS.VLDL.P",-0.000817795335611141,"Metabolomics",3
"M.VLDL.FC",-2.35720461254235e-05,"Metabolomics",3
"PC_18_0_20_4_",0.893778812961929,"Lipidomics",3
"PC_16_0_20_4_",0.318124005229785,"Lipidomics",3
"PC_38_5_B_",0.244284282285869,"Lipidomics",3
"PC_38_5_A_",0.18069446409762,"Lipidomics",3
"TG_56_6_NL_20_4_",0.0873570310248486,"Lipidomics",3
"TESTLNALLQR",0.260757175220365,"Proteomics",3
"CLAVYQAGAR",0.249308497510118,"Proteomics",3
"LSITGTYDLK",0.217818318761505,"Proteomics",3
"LVEAFGGATK",0.210160048910855,"Proteomics",3
"LESLEHQLR",0.19531244289665,"Proteomics",3
"GATLALTQVTPQDER",0.190291338123717,"Proteomics",3
"ELDVLQGR",0.183900096826352,"Proteomics",3
"VTGVVLFR",-0.183504534409324,"Proteomics",3
"HSASDDYFIPSQAFLEAER",0.179403415330242,"Proteomics",3
"SSIIFAGGDK",0.17870626956085,"Proteomics",3
"FQLTFPLR",0.171203605449879,"Proteomics",3
"LVFFAEDVGSNK",0.166665245206572,"Proteomics",3
"TASGVNQLVDIYEK",0.163680204737816,"Proteomics",3
"LVLSDLHLLTQSQVR",0.159470949735311,"Proteomics",3
"AGLAASLAGPHSIVGR",-0.155266884451025,"Proteomics",3
"NYLNYGEEGAPGK",0.148935826474246,"Proteomics",3
"ESLLLDTTSLQQR",0.146174911488309,"Proteomics",3
"TGISPLALIK",-0.137134452217035,"Proteomics",3
"AQLLVVGSPGPVPR",0.13620624872117,"Proteomics",3
"EDSLEAGLPLQVR",0.133314801341491,"Proteomics",3
"EQDAPVAGLQPVER",-0.12815918755225,"Proteomics",3
"LENLEQYSR",0.124624900847548,"Proteomics",3
"SDLSFQFK",0.124504792920778,"Proteomics",3
"NTDQEYTAFR",0.118590166650455,"Proteomics",3
"LQNILEQIVSVGK",0.113138397120842,"Proteomics",3
"LGERPPALLGSQGLR",0.111649760101284,"Proteomics",3
"EVTVPVFYPTEK",0.111398473187537,"Proteomics",3
"HELQHPIIAR",0.110014983865497,"Proteomics",3
"ILGQQVPYATK",-0.106043918523369,"Proteomics",3
"IYGEVVFK",0.104725665881744,"Proteomics",3
"NSEPQDEGELFQGVDPR",0.103679403162643,"Proteomics",3
"FVVTDGGITR",0.101781266470514,"Proteomics",3
"SDLYIGGVAK",0.0992965409122371,"Proteomics",3
"SLPVDVFAGVSLSK",-0.0991568377368224,"Proteomics",3
"AVVVHAGEDDLGR",-0.0949516928834395,"Proteomics",3
"VPVAVQGEDTVQSLTQGDGVAK",0.0942582642868994,"Proteomics",3
"THLGEALAPLSK",0.0904883282109963,"Proteomics",3
"SELEAQTGLQILQTGVGQR",0.0880624788595523,"Proteomics",3
"YPGPQAEGDSEGLSQGLVDR",0.0862809591135939,"Proteomics",3
"AYQGVAAPFPK",0.0860206125770353,"Proteomics",3
"ADLSGITGAR",-0.0834258285715622,"Proteomics",3
"SFTLASSETGVGAPISGPGIPGR",-0.0827801968276932,"Proteomics",3
"SGETVINTANYHDTSPYR",-0.081433606829401,"Proteomics",3
"EYPGSETPPK",0.0792819344632307,"Proteomics",3
"EIGELYLPK",-0.0772325917254183,"Proteomics",3
"IKPVFIEDANFGR",0.0726006065686468,"Proteomics",3
"LSALTLSTVK",0.0706122108059637,"Proteomics",3
"QEVPLATLEPLVK",0.0683402100541355,"Proteomics",3
"IPVDEEAFVIDFKPR",0.0668951686876151,"Proteomics",3
"LSINTHPSQKPLSITVR",-0.0651200254243627,"Proteomics",3
"ALGITEIFIK",0.0650224521521247,"Proteomics",3
"AIVADPVTFK",0.062717793652465,"Proteomics",3
"LSSAIIAAPR",0.0610298835231868,"Proteomics",3
"WSVDPR",0.0599660221853055,"Proteomics",3
"ELSNTAAYQSVR",0.0583146164055579,"Proteomics",3
"APVLELEK",0.0578262564740542,"Proteomics",3
"VTIDSSYDIAK",-0.0524445940524561,"Proteomics",3
"VVVNFAPTIQEIK",0.0480048740491243,"Proteomics",3
"NLAVSQVVHK",-0.0478491333344067,"Proteomics",3
"LSILYPATTGR",0.0465950505820315,"Proteomics",3
"ATGEGLIR",0.0451786477969216,"Proteomics",3
"VFNTPEGVPSAPSSLK",0.0430433548067964,"Proteomics",3
"LYGPSEPHSR",0.0430327262236291,"Proteomics",3
"IVQFSPSGK",0.0425926367954123,"Proteomics",3
"ITTQITAGAR",0.0403757126750682,"Proteomics",3
"LALFPDK",0.0390163546779972,"Proteomics",3
"LGAEVYHTLK",-0.0377108590777364,"Proteomics",3
"ETLLQDFR",-0.0368714184632612,"Proteomics",3
"VLEYLNQEK",0.0366309760937576,"Proteomics",3
"INENTGSVSVTR",0.0357481019739355,"Proteomics",3
"SLPSEASEQYLTK",0.0347730120226587,"Proteomics",3
"WWGGQPLWITATK",-0.0328037589167486,"Proteomics",3
"ITQVTWQK",0.030526509332579,"Proteomics",3
"LVVSQLNPYTLR",0.0301364220489043,"Proteomics",3
"SPFEQHIK",0.0296690396328314,"Proteomics",3
"DGEYVVEVR",0.0295984976922852,"Proteomics",3
"LAAVLAGYGVELR",0.0295938259521656,"Proteomics",3
"FLYHK",-0.0292611742392243,"Proteomics",3
"VLTHSELAPLR",0.0281264724844052,"Proteomics",3
"GVHYISVSATR",0.0269967569519132,"Proteomics",3
"DLLLPQPDLR",-0.0266285483806096,"Proteomics",3
"ESSQEQSSVVR",-0.0265660515485169,"Proteomics",3
"YEAAVPDPR",0.0232605261369005,"Proteomics",3
"SAPAAAIAAR",0.0219970713986382,"Proteomics",3
"VEIDTK",-0.0187838062451644,"Proteomics",3
"LPHTLR",-0.0168657414070837,"Proteomics",3
"AFLFQDTPR",0.0146521393187439,"Proteomics",3
"AATVGSLAGQPLQER",0.0124750220995097,"Proteomics",3
"IDSLLENDR",0.00967360652907623,"Proteomics",3
"ALEYIENLR",0.00924239445087198,"Proteomics",3
"SALAYVDGK",0.00875678241744181,"Proteomics",3
"IGKPAPDFK",0.00711932723941333,"Proteomics",3
"YSSLAEAASK",-0.00640788822390667,"Proteomics",3
"IPDGVVSVSPK",0.00467533438076365,"Proteomics",3
"WRPVDLAQVK",0.00331707608323246,"Proteomics",3
"HIQETEWQSQEGK",0.0024363340790446,"Proteomics",3
"GNPVPQQYLWEK",0.00227592223129153,"Proteomics",3
"GLFIIDGK",0.00144309057365218,"Proteomics",3
"AEAPALFSR",0.000470924839821597,"Proteomics",3
"XL.HDL.TG",0.268509626886585,"Metabolomics",4
"L.HDL.PL_.",-0.259598635731761,"Metabolomics",4
"L.HDL.CE_.",0.223037483150415,"Metabolomics",4
"L.HDL.TG",0.222229139131603,"Metabolomics",4
"XL.HDL.CE",0.200764095622728,"Metabolomics",4
"XL.HDL.P",0.199802048353176,"Metabolomics",4
"XL.HDL.L",0.198283227402105,"Metabolomics",4
"XL.HDL.C",0.19798233784486,"Metabolomics",4
"HDL.D",0.195866259099574,"Metabolomics",4
"XL.HDL.FC",0.18801311784521,"Metabolomics",4
"XL.HDL.PL",0.182264193799293,"Metabolomics",4
"L.HDL.C_.",0.175656507585337,"Metabolomics",4
"L.HDL.CE",0.17457163735621,"Metabolomics",4
"L.HDL.C",0.173017896337004,"Metabolomics",4
"S.HDL.FC_.",0.170469293578192,"Metabolomics",4
"L.HDL.FC",0.167344482376197,"Metabolomics",4
"S.HDL.CE",-0.163820533097868,"Metabolomics",4
"L.HDL.L",0.159089785195874,"Metabolomics",4
"L.HDL.P",0.158466605769179,"Metabolomics",4
"S.HDL.C",-0.155629882891282,"Metabolomics",4
"M.HDL.PL_.",0.148014464142885,"Metabolomics",4
"L.HDL.PL",0.13293500794344,"Metabolomics",4
"S.HDL.P",-0.119448651604511,"Metabolomics",4
"S.HDL.L",-0.119054280131437,"Metabolomics",4
"GLOL",-0.110603294448407,"Metabolomics",4
"S.HDL.PL_.",0.104712958142165,"Metabolomics",4
"XL.HDL.FC_.",0.100244668789596,"Metabolomics",4
"S.HDL.CE_.",-0.0963564368666828,"Metabolomics",4
"SFA.FA",0.0959103820944418,"Metabolomics",4
"ACACE",0.0953611434036769,"Metabolomics",4
"M.LDL.TG_.",0.0922295649084101,"Metabolomics",4
"HDL2.C",0.0877664987956159,"Metabolomics",4
"IDL.PL_.",-0.0867152979520781,"Metabolomics",4
"HDL.C",0.0846691223224592,"Metabolomics",4
"APOA1",0.0838709938249392,"Metabolomics",4
"TOTCHO",0.077794092667521,"Metabolomics",4
"S.HDL.C_.",-0.0776263480345033,"Metabolomics",4
"PC",0.0753335668953033,"Metabolomics",4
"L.LDL.TG_.",0.0750432996542768,"Metabolomics",4
"L.LDL.TG",0.0744027222810077,"Metabolomics",4
"TOTPG",0.0697172364842743,"Metabolomics",4
"S.VLDL.FC_.",0.0664407671764202,"Metabolomics",4
"L.HDL.FC_.",0.065410051680576,"Metabolomics",4
"LDL.D",0.065145032891344,"Metabolomics",4
"LDL.TG",0.0643806946439413,"Metabolomics",4
"M.LDL.TG",0.0615753860808924,"Metabolomics",4
"HDL.TG",0.0549957550172652,"Metabolomics",4
"S.VLDL.CE",-0.0504034862605115,"Metabolomics",4
"S.LDL.TG_.",0.0478817012761205,"Metabolomics",4
"APOB.APOA1",-0.0406401110851812,"Metabolomics",4
"IDL.TG",0.038239775594696,"Metabolomics",4
"GLY",-0.0368892947581335,"Metabolomics",4
"S.VLDL.C",-0.034414687211484,"Metabolomics",4
"XL.HDL.PL_.",-0.0315650017800045,"Metabolomics",4
"CREA",0.0309002328711004,"Metabolomics",4
"L.LDL.CE_.",-0.0306609319210261,"Metabolomics",4
"HDL3.C",0.0302782512327473,"Metabolomics",4
"XL.HDL.C_.",0.0293914120903281,"Metabolomics",4
"S.LDL.TG",0.0274404850814801,"Metabolomics",4
"M.LDL.C_.",-0.0260617966982447,"Metabolomics",4
"M.LDL.CE_.",-0.0246634798779156,"Metabolomics",4
"TYR",-0.0229755619755421,"Metabolomics",4
"L.LDL.C_.",-0.0226967920342343,"Metabolomics",4
"S.LDL.CE_.",-0.0211860374122079,"Metabolomics",4
"SFA",0.0205359101566832,"Metabolomics",4
"S.LDL.C_.",-0.0173497698599537,"Metabolomics",4
"M.VLDL.C_.",0.0168369846015102,"Metabolomics",4
"S.LDL.FC_.",0.0157502811787862,"Metabolomics",4
"BOHBUT",0.0150584221286469,"Metabolomics",4
"IDL.TG_.",0.0150462179102981,"Metabolomics",4
"LAC",0.0147882629523868,"Metabolomics",4
"PHE",-0.0135840146575219,"Metabolomics",4
"FAW3.FA",0.00959186313876591,"Metabolomics",4
"M.VLDL.TG_.",-0.00845583410515434,"Metabolomics",4
"M.HDL.TG",-0.00845044573011283,"Metabolomics",4
"DHA",0.00838941850547418,"Metabolomics",4
"FAW3",0.00834468558207899,"Metabolomics",4
"ACE",0.00747551505859462,"Metabolomics",4
"M.LDL.FC_.",0.00738925939678369,"Metabolomics",4
"M.HDL.TG_.",-0.00702697295448739,"Metabolomics",4
"IDL.CE_.",-0.00531034267032472,"Metabolomics",4
"S.HDL.TG",-0.00509190757143954,"Metabolomics",4
"GLN",-0.0046353541554072,"Metabolomics",4
"DHA.FA",0.00445803305382211,"Metabolomics",4
"S.VLDL.PL",-0.00204423065665267,"Metabolomics",4
"S.HDL.PL",-0.00012777996113015,"Metabolomics",4
"PC_O_40_7_B_",0.647475966527738,"Lipidomics",4
"PC_16_0_16_0_",0.513810648450343,"Lipidomics",4
"PC_O_32_1_",0.392581679961437,"Lipidomics",4
"HEXCER_D18_1_18_0_",0.356332228973509,"Lipidomics",4
"PC_17_0_18_2_",0.188892714156571,"Lipidomics",4
"APDVTTLPR",0.237934157971422,"Proteomics",4
"LSILYPATTGR",0.237135614274254,"Proteomics",4
"WWGGQPLWITATK",0.230862023621039,"Proteomics",4
"VFQEPLFYEAPR",0.213999076881281,"Proteomics",4
"ELSAERPLNEQIAEAEEDK",-0.199433000293566,"Proteomics",4
"GNPTVEVDLYTAK",0.197378629873431,"Proteomics",4
"ALADVATVLGR",0.162434852862532,"Proteomics",4
"LVDQNIFSFYLSR",0.161993361823885,"Proteomics",4
"VIASNILGTGEPSGPSSK",0.148805821481924,"Proteomics",4
"LTTVPTQAFEYLSK",0.147327336796458,"Proteomics",4
"HVGDLGNVTADK",-0.144639840660392,"Proteomics",4
"ALQLPYR",-0.139103316714468,"Proteomics",4
"ELSNTAAYQSVR",0.137828444574196,"Proteomics",4
"SYPEILTLK",0.130910939937479,"Proteomics",4
"VSTLPAITLK",0.128495806445634,"Proteomics",4
"LGADMEDVR",0.124598032212149,"Proteomics",4
"YSQAVPAVTEGPIPEVLK",0.123866838768235,"Proteomics",4
"HELQHPIIAR",0.12291613672876,"Proteomics",4
"SDLSFQFK",0.121356208750529,"Proteomics",4
"SGNENGEFYLR",-0.121153182912077,"Proteomics",4
"LSSGLVTAALYGR",0.119903875449909,"Proteomics",4
"NYLNYGEEGAPGK",-0.117468971517373,"Proteomics",4
"CLAVYQAGAR",-0.116918986130161,"Proteomics",4
"VQLVVGDGR",-0.114292945229624,"Proteomics",4
"TTGPGGDGIPAEVHIVR",0.113262211190521,"Proteomics",4
"TALASGGVLDASGDYR",0.112967568248891,"Proteomics",4
"EDSLEAGLPLQVR",-0.112003998587185,"Proteomics",4
"SSGQWQTPGATR",-0.111497835339911,"Proteomics",4
"DISLSDYK",0.105789934022921,"Proteomics",4
"LGERPPALLGSQGLR",0.104700810076511,"Proteomics",4
"SGETVINTANYHDTSPYR",0.104541440723594,"Proteomics",4
"LSINTHPSQKPLSITVR",0.104509085638015,"Proteomics",4
"SVLGQLGITK",0.100835853551761,"Proteomics",4
"ETPAATEAPSSTPK",0.0933278466828208,"Proteomics",4
"VTIDSSYDIAK",-0.092880021026097,"Proteomics",4
"AGLQVYNK",-0.0919543082192392,"Proteomics",4
"NTDQEYTAFR",0.0908886694275472,"Proteomics",4
"QQLQALSEPQPR",-0.0905680659931785,"Proteomics",4
"NSEPQDEGELFQGVDPR",-0.0886633143819401,"Proteomics",4
"SIVTLDGGK",0.0876875273081603,"Proteomics",4
"NGQWTLIGR",-0.0872490287803402,"Proteomics",4
"IPGIFELGISSQSDR",0.0866639439310747,"Proteomics",4
"EQDAPVAGLQPVER",-0.0849893438432598,"Proteomics",4
"WYFDVTEGK",0.0841346567838082,"Proteomics",4
"YPGPQAEGDSEGLSQGLVDR",-0.0819265897657916,"Proteomics",4
"TLSDYNIQK",-0.0792727429566202,"Proteomics",4
"DFHINLFR",-0.0775002335860903,"Proteomics",4
"NLDYVATSIHEAVTK",-0.0771402006174047,"Proteomics",4
"THLGEALAPLSK",-0.0766613770465465,"Proteomics",4
"LALFPDK",-0.0765715013597469,"Proteomics",4
"GINVALANGK",-0.0755041291104106,"Proteomics",4
"GVHYISVSATR",-0.0754499946010995,"Proteomics",4
"SFTLASSETGVGAPISGPGIPGR",-0.0750321298479219,"Proteomics",4
"LNVEDVDSTK",-0.0743548471365778,"Proteomics",4
"LTIIVGPFSF",-0.0741451273527428,"Proteomics",4
"WNYIEGTK",0.0736111551385563,"Proteomics",4
"THPHFVIPYR",0.0718832159701608,"Proteomics",4
"IIVQAQPEWLK",0.0704578832905046,"Proteomics",4
"HLEILQLSK",0.0690184976656666,"Proteomics",4
"VLEYLNQEK",-0.0682634642338419,"Proteomics",4
"ETVIIPNEK",-0.0677717893420151,"Proteomics",4
"HYQHVLAVDPEK",0.0670731662922966,"Proteomics",4
"GNPVPQQYLWEK",-0.0661021009672649,"Proteomics",4
"IPSNPSHR",-0.0645557657719132,"Proteomics",4
"ESAYLYAR",-0.0622779719348378,"Proteomics",4
"SHLIIAQVAK",0.0614262487410436,"Proteomics",4
"LSALTLSTVK",0.0605964331464692,"Proteomics",4
"AYQGVAAPFPK",-0.060026495893031,"Proteomics",4
"ESTLHLVLR",-0.055855374171709,"Proteomics",4
"SLPSEASEQYLTK",-0.0552619004457759,"Proteomics",4
"IPVDEEAFVIDFKPR",-0.0543975659969715,"Proteomics",4
"ILGQQVPYATK",-0.0528873721480643,"Proteomics",4
"LGAEVYHTLK",0.0526171419685783,"Proteomics",4
"AVLTIDEK",0.0489862355848685,"Proteomics",4
"YSSLAEAASK",0.0475122699903459,"Proteomics",4
"IILEALR",-0.0447221319299468,"Proteomics",4
"YSSSDWVTQYR",0.0436585910988828,"Proteomics",4
"VLTHSELAPLR",0.0436015854842615,"Proteomics",4
"HLSVNDLPVGR",0.0430653063224889,"Proteomics",4
"ALEYIENLR",-0.0428947118797511,"Proteomics",4
"WYFDLSK",0.041909933591828,"Proteomics",4
"SVGEGPYSELAK",-0.0414183914707461,"Proteomics",4
"IVQFSPSGK",-0.0414148624095698,"Proteomics",4
"APVLELEK",-0.0412471498386644,"Proteomics",4
"AATVGSLAGQPLQER",0.0402560248472551,"Proteomics",4
"LVPVVNNR",-0.040137299298425,"Proteomics",4
"IGKPAPDFK",0.0391170989120206,"Proteomics",4
"LAVYQAGAR",0.0381862962683465,"Proteomics",4
"SGEATDGARPQALPEPMQESK",-0.038120515838341,"Proteomics",4
"ADTDGGLIFR",-0.0377739932831596,"Proteomics",4
"FQLTFPLR",0.0370413689740676,"Proteomics",4
"LIALSIDSVEDHLAWSK",-0.0349623311640584,"Proteomics",4
"SELEAQTGLQILQTGVGQR",-0.0344923497063001,"Proteomics",4
"LENLEQYSR",0.0330083565199786,"Proteomics",4
"YGLVTYATYPK",-0.0329054515241398,"Proteomics",4
"LGPLVEQGR",0.032867589550732,"Proteomics",4
"FVTVQTISGTGALR",0.0324355276933724,"Proteomics",4
"DQLVIPDGQEEEQEAAGEGR",-0.0321947598623609,"Proteomics",4
"SLVTVLGIPQKPIITGYK",-0.0319383740854134,"Proteomics",4
"SGELEQEEER",-0.0311664775014318,"Proteomics",4
"FTGSSWIK",-0.0299514297529005,"Proteomics",4
"SSQGGSLPSEEK",-0.0295636242371868,"Proteomics",4
"WFSAGLASNSSWLR",-0.0294898562543667,"Proteomics",4
"GLFIIDGK",0.0285786739603115,"Proteomics",4
"HAIILLTDGK",-0.0285426966292766,"Proteomics",4
"VTGVVLFR",-0.028501303169219,"Proteomics",4
"LPHTLR",0.0272134476497358,"Proteomics",4
"WRPVDLAQVK",0.0267964406641358,"Proteomics",4
"YEAAVPDPR",0.0266570394015635,"Proteomics",4
"ESSQEQSSVVR",0.026250859190033,"Proteomics",4
"FLPSISTK",-0.0262361611805689,"Proteomics",4
"AGEQDATIHLK",0.025976479490369,"Proteomics",4
"ALQASALK",0.0259032117117907,"Proteomics",4
"IDSLLENDR",-0.0255537717213597,"Proteomics",4
"ALEQDLPVNIK",0.0248994301139515,"Proteomics",4
"DTDTGALLFIGK",-0.0245267110378475,"Proteomics",4
"SPFEQHIK",-0.0231194964237673,"Proteomics",4
"VVVNFAPTIQEIK",0.0227718895553411,"Proteomics",4
"SSFVAPLEK",-0.0223748989410664,"Proteomics",4
"EPGEFALLR",0.022026202604075,"Proteomics",4
"LAAVLAGYGVELR",-0.0218470146449332,"Proteomics",4
"SDLEVAHYK",0.0213180780327106,"Proteomics",4
"TITLEVEPSDTIENVK",-0.0204232341464363,"Proteomics",4
"LQNILEQIVSVGK",0.0199931684914648,"Proteomics",4
"TVQAVLTVPK",-0.0199879691645235,"Proteomics",4
"HLEEPGETQNAFLNER",0.019156744120249,"Proteomics",4
"TASGVNQLVDIYEK",-0.0190902751428301,"Proteomics",4
"LEGNPIVLGK",-0.0180444395336066,"Proteomics",4
"LSGSFLK",-0.01779518490448,"Proteomics",4
"VFQYIDLHQDEFVQTLK",0.0167251261709606,"Proteomics",4
"FQDDPDGLHQLDGTPLTAEDIVHK",-0.0159462193122428,"Proteomics",4
"LYGPSEPHSR",-0.0152671185052725,"Proteomics",4
"AIPVAQDLNAPSDWDSR",0.0109575696163727,"Proteomics",4
"YEFILK",0.0104602392869022,"Proteomics",4
"ETAASLLQAGYK",-0.0102310352953324,"Proteomics",4
"IHWESASLLR",0.01007648063212,"Proteomics",4
"ATGEGLIR",0.00993989414342583,"Proteomics",4
"TVGSDTFYSFK",0.0091500135102951,"Proteomics",4
"ETGTPIWTSR",-0.00845549929558153,"Proteomics",4
"VHQSPDGTLLIYNLR",0.00843999903705192,"Proteomics",4
"HSASDDYFIPSQAFLEAER",-0.00814512067225798,"Proteomics",4
"HGLYNLK",-0.00731388795511644,"Proteomics",4
"TSESGELHGLTTEEEFVEGIYK",0.00648016556136489,"Proteomics",4
"AHLGALLAR",-0.00616913654785852,"Proteomics",4
"LSSAIIAAPR",-0.0061049331469132,"Proteomics",4
"DINYVNPVIK",-0.00593046314281113,"Proteomics",4
"GFQALGDAADIR",-0.00592208042686654,"Proteomics",4
"SYLEITPSR",-0.00550000107975055,"Proteomics",4
"VTASDPLDTLGSEGALSPGGVASLLR",0.00543257543881639,"Proteomics",4
"EYPGSETPPK",-0.00529268434367768,"Proteomics",4
"SDLYIGGVAK",0.00523050152312587,"Proteomics",4
"LVLSDLHLLTQSQVR",0.00460533503286054,"Proteomics",4
"FLASVSTVLTSK",-0.00388029024752051,"Proteomics",4
"YLPFVPSR",0.00309098016673837,"Proteomics",4
"AFLFQDTPR",-0.00308584621888117,"Proteomics",4
"LPNNVLQEK",-0.00289086137920857,"Proteomics",4
"TGYYFDGISR",-0.0028304201378863,"Proteomics",4
"SALAYVDGK",-0.00192747132799052,"Proteomics",4
"VEHSDLSFSK",-0.00159915649382829,"Proteomics",4
"YGFYTHVFR",0.00146539988127384,"Proteomics",4
"YTNWIQK",0.000389925157290634,"Proteomics",4
"VVHLYR",-0.000290760588761573,"Proteomics",4
"ESLLLDTTSLQQR",0.000222145360889592,"Proteomics",4
